[OPERATOR],code,name,effectiveStartDate,ruleType,description,body,version,scenarioCode,memento,baseObject
Supported operators: Delimit Clear,External Code,Name,effectiveStartDate,ruleType,description,body,version,scenarioCode,memento,Base Object
,"CheckDismissalProtection","CheckDismissalProtection","01/01/1900","","","rule(SystemContext(""Context"") context,employmentInfo(""Employment Details"") employmentInfo) {
  if(literal(employmentInfo.end_date) != null && literal(dismissalProtectionCheck(workerId:context.userId,terminationDate:employmentInfo.end_date,eventReason:employmentInfo.jobInfo.event_reason,legalEntity:employmentInfo.jobInfo.company.externalCode)) == ""ERROR"") {
    raiseMessage(severity:""ERROR"",location:null,messageDefinition:""DISMISSAL_ERROR"",parameterBindings: {terminationdate:format(template:""%tD"",argument:[employmentInfo.end_date]),terminationreason:employmentInfo.jobInfo.event_reason.name});
  }
  else if(literal(dismissalProtectionCheck(workerId:context.userId,terminationDate:employmentInfo.end_date,eventReason:employmentInfo.jobInfo.event_reason,legalEntity:employmentInfo.jobInfo.company.externalCode)) == ""WARNING"") {
    raiseMessage(severity:""WARN"",location:null,messageDefinition:""DISMISSAL_WARNING"",parameterBindings: {terminationdate:format(template:""%tD"",argument:[employmentInfo.end_date]),terminationreason:employmentInfo.jobInfo.event_reason.name});
  }
}","legacy","_basic","","employmentInfo"
